Position,Company,Location,URL
Senior Open Source Developer & DevOps (Python  Django  React  AWS/OpenStack),OpenCraft,Anywhere in the World,https://weworkremotely.com/remote-jobs/opencraft-senior-open-source-developer-devops-python-django-react-aws-openstack
(Senior) Python Full Stack Software Developer,Optimile,Europe Only,https://weworkremotely.com/remote-jobs/optimile-senior-python-full-stack-software-developer
Python / PHP Senior Developer for Ambitious Startup,Soundsnap/ Beatopia,Europe Only,https://weworkremotely.com/remote-jobs/soundsnap-beatopia-python-php-senior-developer-for-ambitious-startup
Senior Backend Engineer - Python,TheoremOne  LLC,Anywhere in the World,https://weworkremotely.com/remote-jobs/theoremone-llc-senior-backend-engineer-python
Senior Python Developer - Full Remote,Ebury,Latin America Only/Europe Only,https://weworkremotely.com/remote-jobs/ebury-senior-python-developer-full-remote-1
Python Developer - Remote,UpStack Technologies  Inc.,Americas Only/Europe Only,https://weworkremotely.com/remote-jobs/upstack-technologies-inc-python-developer-remote
Senior Backend Engineer (Python),TestGorilla,Anywhere in the World,https://weworkremotely.com/remote-jobs/testgorilla-senior-backend-engineer-python-7
Backend Engineer (Python),TestGorilla,Anywhere in the World,https://weworkremotely.com/remote-jobs/testgorilla-backend-engineer-python-6
Python Developer,Lemon.io,Latin America Only/Europe Only,https://weworkremotely.com/remote-jobs/lemon-io-python-developer-1
Senior Software Engineer  Python,AssemblyAI (YC 17),Anywhere in the World,https://weworkremotely.com/remote-jobs/assemblyai-yc-17-senior-software-engineer-python
Senior Back End Developer (Python) - [Remote],EventMobi,Anywhere in the World,https://weworkremotely.com/remote-jobs/eventmobi-senior-back-end-developer-python-remote
Python Platform Engineer,Doximity,Americas Only,https://weworkremotely.com/remote-jobs/doximity-python-platform-engineer
Backend Engineer - Integrations (Python),Cerity Partners LLC,USA Only,https://weworkremotely.com/remote-jobs/cerity-partners-llc-backend-engineer-integrations-python
Python Engineer - Latin America,Azumo,Anywhere in the World,https://weworkremotely.com/listings/azumo-python-engineer-latin-america
Software Development Engineer in Test â€“ Python â€“ Cyprus  Greece or Remote,XM,Anywhere in the World,https://weworkremotely.com/remote-jobs/xm-software-development-engineer-in-test-python-cyprus-greece-or-remote-1
Senior QA Software Test Automation Engineer â€“ Python â€“ Cyprus  Greece  Remote,XM,Anywhere in the World,https://weworkremotely.com/remote-jobs/xm-senior-qa-software-test-automation-engineer-python-cyprus-greece-remote-1
ã‚µãƒ¼ãƒãƒ¼ã‚µã‚¤ãƒ‰ã‚¨ãƒ³ã‚¸ãƒ‹ã‚¢/ã€ã‚µãƒ¼ãƒãƒ¼ã‚µã‚¤ãƒ‰ã‚¨ãƒ³ã‚¸ãƒ‹ã‚¢ã€‘ã‚¯ãƒ©ã‚¤ã‚¢ãƒ³ãƒˆã®èª²é¡Œè§£æ±ºã‚’æŠ€è¡“ã§æ”¯ãˆã‚‹ã‚µãƒ¼ãƒãƒ¼ã‚µã‚¤ãƒ‰ã‚¨ãƒ³ã‚¸ãƒ‹ã‚¢ã‚’å‹Ÿé›†ï¼,ã‚»ãƒ¼ãƒ•ã‚£ãƒ¼ æ ªå¼ä¼šç¤¾,æ±äº¬éƒ½,https://www.green-japan.com/job/130888
ãƒ‡ãƒ¼ã‚¿ã‚µã‚¤ã‚¨ãƒ³ãƒ†ã‚£ã‚¹ãƒˆ/ã€ãƒªãƒ¢ãƒ¼ãƒˆå¯ã€‘ãƒ‡ãƒ¼ã‚¿ã‚µã‚¤ã‚¨ãƒ³ãƒ†ã‚£ã‚¹ãƒˆï½œãƒ—ãƒ­ãƒ€ã‚¯ãƒˆã®æ„æ€æ±ºå®šã‚’ãƒ‡ãƒ¼ã‚¿ã§æ”¯ãˆã‚‹ï¼ãƒ‡ãƒ¼ã‚¿æ´»ç”¨ãƒ¬ãƒ™ãƒ«å‘ä¸Šã®ãŸã‚ã«å…¨ç¤¾å“¡å‘ã‘å‹‰å¼·ä¼šã‚‚ä¼ç”»ã—ã¦ã„ã¾ã™,LINE Digital Frontier æ ªå¼ä¼šç¤¾,æ±äº¬éƒ½,https://www.green-japan.com/job/127263
ã‚¯ãƒ©ã‚¦ãƒ‰ã‚¨ãƒ³ã‚¸ãƒ‹ã‚¢/ã€ã‚¯ãƒ©ã‚¦ãƒ‰ã‚¨ãƒ³ã‚¸ãƒ‹ã‚¢ã€‘ã‚¯ãƒ©ã‚¦ãƒ‰ãƒã‚¤ãƒ†ã‚£ãƒ–ãªã‚¢ãƒ¼ã‚­ãƒ†ã‚¯ãƒãƒ£ãƒ¼ã§ãŠå®¢æ§˜ã«ä¾¡å€¤ã‚’å±Šã‘ãŸã„æ–¹å‹Ÿé›†ï¼ ã‚¢ã‚¸ãƒ£ã‚¤ãƒ«ãªãƒãƒ¼ãƒ é–‹ç™ºã§DXã‚’åŠ é€Ÿ,æ ªå¼ä¼šç¤¾ GxP,æ±äº¬éƒ½,https://www.green-japan.com/job/133482
DevOpsã‚¨ãƒ³ã‚¸ãƒ‹ã‚¢(çµŒé¨“2å¹´ç›®ä»¥ä¸Šæ­“è¿ï¼)/ã‚¢ã‚°ãƒªãƒ†ãƒƒã‚¯ä¼æ¥­ã§ãƒ•ãƒ«ã‚¹ã‚¿ãƒƒã‚¯ã‚¨ãƒ³ã‚¸ãƒ‹ã‚¢ã‚’ç›®æŒ‡ã™/DevOpsã‚¨ãƒ³ã‚¸ãƒ‹ã‚¢å‹Ÿé›†,ã‚¢ãƒ¬ã‚¹ã‚«ã‚¸ãƒ£ãƒ‘ãƒ³ æ ªå¼ä¼šç¤¾,æ±äº¬éƒ½ï¼Œå…¨å›½ãƒ»ãƒ•ãƒ«ãƒªãƒ¢ãƒ¼ãƒˆ,https://www.green-japan.com/job/149254
ãƒ‡ãƒ¼ã‚¿ã‚¨ãƒ³ã‚¸ãƒ‹ã‚¢ãƒªãƒ³ã‚° ã‚³ãƒ³ã‚µãƒ«ã‚¿ãƒ³ãƒˆ/ãƒ‡ãƒ¼ã‚¿ãƒ—ãƒ©ãƒƒãƒˆãƒ•ã‚©ãƒ¼ãƒ ã‚½ãƒªãƒ¥ãƒ¼ã‚·ãƒ§ãƒ³ã«ä¼ç”»ç«‹æ¡ˆã®æ®µéšã‹ã‚‰ã€æœ€æ–°æŠ€è¡“ã‚’æ´»ç”¨ã—å–ã‚Šçµ„ã‚€ã“ã¨ãŒã§ãã¾ã™ã€‚,ã‚¢ãƒãƒŠãƒ¼ãƒ‰ æ ªå¼ä¼šç¤¾,æ±äº¬éƒ½,https://www.green-japan.com/job/115142
AIã‚¨ãƒ³ã‚¸ãƒ‹ã‚¢/AIã‚¨ãƒ³ã‚¸ãƒ‹ã‚¢ã«ã”èˆˆå‘³ã‚ã‚Šã¾ã›ã‚“ã‹ï¼Ÿ,æ ªå¼ä¼šç¤¾ ã‚¹ã‚«ã‚¤ã‚¦ã‚¤ãƒ«,æ±äº¬éƒ½,https://www.green-japan.com/job/95134
Pythonã‚¨ãƒ³ã‚¸ãƒ‹ã‚¢ãƒ»ãƒ—ãƒ­ã‚°ãƒ©ãƒãƒ¼/ç†æƒ³ã®åƒãæ–¹ã‚’å¶ãˆã‚‹ï¼Pythonã‚¨ãƒ³ã‚¸ãƒ‹ã‚¢ãƒ»ãƒ—ãƒ­ã‚°ãƒ©ãƒãƒ¼,ä¸‰æ¾ã‚·ã‚¹ãƒ†ãƒ ã‚³ãƒ³ã‚µãƒ«ãƒ†ã‚£ãƒ³ã‚° æ ªå¼ä¼šç¤¾,åŸ¼ç‰çœŒ,https://www.green-japan.com/job/183046
ã€ç ”ä¿®æœ‰ã€‘ãƒ‡ãƒ¼ã‚¿ã‚¢ãƒŠãƒªã‚¹ãƒˆï¼Data Analyticsã‚¨ãƒ³ã‚¸ãƒ‹ã‚¢/ã€ç ”ä¿®æœ‰ãƒ»ãƒ‡ãƒ¼ã‚¿ã‚¢ãƒŠãƒªã‚¹ãƒˆï¼Data Analyticsã‚¨ãƒ³ã‚¸ãƒ‹ã‚¢ã€‘ãƒ‡ãƒ¼ã‚¿åˆ†æã‚’æ‹…ã„ã¾ã™ï¼,AMBL æ ªå¼ä¼šç¤¾,æ±äº¬éƒ½,https://www.green-japan.com/job/184033
SE/PG/ã€AWS/è‡ªç¤¾å†…å‹¤å‹™/99ï¼…ãƒªãƒ¢ãƒ¼ãƒˆãƒ¯ãƒ¼ã‚¯/è³‡æ ¼æ”¯æ´ã‚„æ‰‹å½“åˆ¶åº¦ã‚ã‚Š/ã‚µãƒ¼ãƒãƒ¬ã‚¹ã‚¢ãƒ¼ã‚­ãƒ†ã‚¯ãƒãƒ£ã€‘AWSã‚’ä½¿ã£ãŸã‚µãƒ¼ãƒãƒ¬ã‚¹æ§‹æˆã®ã‚¤ãƒ³ãƒ•ãƒ©é–‹ç™ºã€ãƒãƒƒã‚¯ã‚¨ãƒ³ãƒ‰é–‹ç™ºãªã©çµŒé¨“å¯èƒ½ï¼,æ ªå¼ä¼šç¤¾ ã‚¹ã‚«ã‚¤ã‚¢ãƒ¼ãƒãƒãƒƒãƒˆãƒ¯ãƒ¼ã‚¯ã‚¹,æ±äº¬éƒ½,https://www.green-japan.com/job/183677
PGï¼SEï¼ˆJavaã€JavaScriptã€Pythonã€C#ã€Kotlinã€Objective-Cã€Swiftã€Cè¨€èªã€C++ã€AWSã€Azureï¼‰/ã‚¨ãƒ³ã‚¸ãƒ‹ã‚¢ã‚ªãƒ¼ãƒ—ãƒ³ãƒã‚¸ã‚·ãƒ§ãƒ³ï¼ˆIoTã€ãƒ¢ãƒ“ãƒªãƒ†ã‚£ã€ã‚¯ãƒ©ã‚¦ãƒ‰ã€è‡ªå‹•åŒ–ãƒ»ãƒ‡ãƒ¼ã‚¿åˆ†æï¼‰â€»ãƒªãƒ¢ãƒ¼ãƒˆå¯¾å¿œä¸­â€»æŠ€è¡“ã«å°‚å¿µã—ãŸã„ã€ã‚¹ãƒšã‚·ãƒ£ãƒªã‚¹ãƒˆå¿—å‘ã®æ–¹ã¸ã€‚ï¼œè‡ªåˆ†ã®æŠ€è¡“ã®åºƒãŒã‚Šã«é™ç•Œã‚’æ„Ÿã˜è»¢è·æ´»å‹•ã—ã¦ã„ã‚‹ã‚ãªãŸã¸ï¼â€»å†…å®šã¾ã§ã‚ªãƒ³ãƒ©ã‚¤ãƒ³é¸è€ƒå¯â€»,ã‚°ãƒ©ãƒ“ãƒ†ã‚£ æ ªå¼ä¼šç¤¾,æ±äº¬éƒ½ï¼Œç¥å¥ˆå·çœŒ,https://www.green-japan.com/job/124604
Lead Design Technologist iOS,DoorDash,Canada ğŸ”’,https://remoteok.com/remote-jobs/112441-remote-lead-design-technologist-ios-doordash
Senior Software Engineer,Iterative,Worldwide,https://remoteok.com/remote-jobs/99244-remote-senior-software-engineer-iterative
Software Engineer IDL Tools,Lyft,United States,https://remoteok.com/remote-jobs/112801-remote-software-engineer-idl-tools-lyft
DevOps Engineer,lemon.io,Europe,https://remoteok.com/remote-jobs/112704-remote-devops-engineer-lemon-io
Senior Software Engineer,Angaza,United States,https://remoteok.com/remote-jobs/112692-remote-senior-software-engineer-angaza
Analytics Engineer,Angaza,United States,https://remoteok.com/remote-jobs/112691-remote-analytics-engineer-angaza
Senior macOS Developer,Kandji,United States,https://remoteok.com/remote-jobs/112690-remote-senior-macos-developer-kandji
Senior Software Engineer MDM,Kandji,United States,https://remoteok.com/remote-jobs/112689-remote-senior-software-engineer-mdm-kandji
Staff Application Security Engineer,Kandji,United States,https://remoteok.com/remote-jobs/112688-remote-staff-application-security-engineer-kandji
Paid Media Manager,Kandji,United States,https://remoteok.com/remote-jobs/112687-remote-paid-media-manager-kandji
Mid level Software Engineer,Kandji,United States,https://remoteok.com/remote-jobs/112686-remote-mid-level-software-engineer-kandji
Senior Software Engineer,Great Minds,shington DC,https://remoteok.com/remote-jobs/112678-remote-senior-software-engineer-great-minds
Customer Analytics Manager,Jobber,Canada,https://remoteok.com/remote-jobs/112677-remote-customer-analytics-manager-jobber
Senior Product Manager Enterprise Business,Udacity,United States,https://remoteok.com/remote-jobs/112676-remote-senior-product-manager-enterprise-business-udacity
Sales Operations Director Business Planning,Sprinklr,United States,https://remoteok.com/remote-jobs/112675-remote-sales-operations-director-business-planning-sprinklr
Senior Site Reliability Engineer Platform,Guidewire Software,United States,https://remoteok.com/remote-jobs/112674-remote-senior-site-reliability-engineer-platform-guidewire-software
Director of Strategic Partnerships,Scorpion,$70k - $118k*,https://remoteok.com/remote-jobs/112673-remote-director-of-strategic-partnerships-scorpion
Tessera Data Product Operations Specialist II,Checkr,United States,https://remoteok.com/remote-jobs/112672-remote-tessera-data-product-operations-specialist-ii-checkr
Senior Information Security Engineer,Nomad Health Corporate,United States,https://remoteok.com/remote-jobs/112671-remote-senior-information-security-engineer-nomad-health-corporate
Client Strategist US,Very,United States,https://remoteok.com/remote-jobs/112670-remote-client-strategist-us-very
